City_ID,City,Lat,Lng,Max Temp,Humidity,Cloudiness,Wind Speed,Country,Date
0,Boende,-0.2167,20.8667,71.26,97,100,4.03,CD,1669062227
1,Yellowknife,62.456,-114.3525,28.92,93,75,4.61,CA,1669062264
2,Zemio,5.0314,25.1361,74.8,45,80,1.25,CF,1669062496
3,Klaebu,63.2976,10.4826,28.63,74,100,4.79,NO,1669062497
4,Kapaa,22.0752,-159.319,82.38,70,0,18.41,US,1669062498
5,Asyut,27.181,31.1837,70.79,32,5,7.47,EG,1669062499
6,Bengkulu,-3.8004,102.2655,74.17,90,77,5.12,ID,1669062503
7,Rikitea,-23.1203,-134.9692,72.05,85,86,10.18,PF,1669062504
8,Georgetown,5.4112,100.3354,82.24,89,20,4.61,MY,1669062505
9,Punta Arenas,-53.15,-70.9167,53.62,81,100,3.44,CL,1669062259
10,Vaini,-21.2,-175.2,80.76,78,20,6.91,TO,1669062506
11,Krasnoarmeysk,51.0239,45.6969,33.21,100,100,9.78,RU,1669062507
12,Himensulan,10.5967,124.2821,76.86,78,98,11.05,PH,1669062508
13,Mataura,-46.1927,168.8643,55.47,67,68,5.7,NZ,1669062508
14,Sabya,17.1495,42.6254,82.02,63,0,3.69,SA,1669062510
15,Dikson,73.5069,80.5464,-24.45,95,7,4.09,RU,1669062510
16,Ler,8.3018,30.1418,80.19,36,2,2.8,SS,1669062511
17,Port Macquarie,-31.4333,152.9167,58.23,46,3,10.71,AU,1669062512
18,Kaitangata,-46.2817,169.8464,57.92,58,63,4.41,NZ,1669062512
19,Dera Bugti,29.0307,69.151,65.62,24,0,6.06,PK,1669062513
20,Mar Del Plata,-38.0023,-57.5575,61.09,88,100,19.57,AR,1669062514
21,Barrow,71.2906,-156.7887,17.62,79,100,20.71,US,1669062514
22,Saskylakh,71.9167,114.0833,-33.03,100,69,5.06,RU,1669062515
23,Sagana,-0.6667,37.2,62.82,96,100,2.46,KE,1669062516
24,Chiang Khong,20.2613,100.4046,68.7,99,22,1.48,TH,1669062517
25,Pangody,65.85,74.4859,-9.06,93,99,17.02,RU,1669062517
26,Busselton,-33.65,115.3333,54.95,72,0,13.04,AU,1669062518
27,Mount Isa,-20.7333,139.5,74.97,23,100,10.36,AU,1669062519
28,Grindavik,63.8424,-22.4338,43.27,87,40,20.71,IS,1669062494
29,Diego De Almagro,-26.3667,-70.05,79.47,22,0,12.91,CL,1669062521
30,Hilo,19.7297,-155.09,76.62,80,75,5.75,US,1669062330
31,Robstown,27.7903,-97.6689,47.98,100,100,16.11,US,1669062522
32,Gat,31.61,34.7642,69.82,49,74,1.19,IL,1669062364
33,Bluff,-46.6,168.3333,55.8,69,79,8.41,NZ,1669062523
34,Ushuaia,-54.8,-68.3,55.06,54,75,5.75,AR,1669062524
35,Arraial Do Cabo,-22.9661,-42.0278,76.96,78,40,23.02,BR,1669062254
36,Qaanaaq,77.484,-69.3632,-7.19,76,98,6.44,GL,1669062525
37,Brownfield,33.1812,-102.2744,57.94,34,0,5.06,US,1669062526
38,Airai,-8.9266,125.4092,62.37,91,100,1.59,TL,1669062526
39,Byron Bay,-28.65,153.6167,64.89,47,100,11.59,AU,1669062307
40,Santa Maria,-29.6842,-53.8069,79.9,54,75,10.36,BR,1669062493
41,Sistranda,63.7256,8.834,30.16,59,44,22.41,NO,1669062529
42,Hithadhoo,-0.6,73.0833,80.64,78,32,11.14,MV,1669062529
43,Cape Canaveral,28.4058,-80.6048,78.03,78,0,14.97,US,1669062266
44,Tiksi,71.6872,128.8694,-23.01,100,84,3.4,RU,1669062413
45,Bredasdorp,-34.5322,20.0403,61.79,69,100,2.89,ZA,1669062531
46,Mogadishu,2.0371,45.3438,79.2,79,9,10.29,SO,1669062532
47,Faanui,-16.4833,-151.75,79.14,75,78,16.37,PF,1669062532
48,Salmas,38.1973,44.7653,46.13,54,100,2.15,IR,1669062533
49,Usinsk,65.9939,57.5281,-7.37,97,88,6.91,RU,1669062258
50,Guerrero Negro,27.9769,-114.0611,74.44,27,16,3.51,MX,1669062534
51,Provideniya,64.3833,-173.3,8.76,95,100,11.07,RU,1669062535
52,Dingle,10.9995,122.6711,75.22,91,100,5.21,PH,1669062536
53,Karasjok,69.4719,25.5112,4.37,89,5,1.32,NO,1669062536
54,Butaritari,3.0707,172.7902,80.82,80,28,17.38,KI,1669062537
55,Pobe,6.9801,2.6649,76.87,85,100,6.26,BJ,1669062538
56,Port Blair,11.6667,92.75,79.18,81,51,5.28,IN,1669062538
57,Saldanha,-33.0117,17.9442,62.65,77,98,14.43,ZA,1669062539
58,Fort Nelson,58.8053,-122.7002,27.95,72,20,6.91,CA,1669062424
59,Primorka,47.2836,39.0625,56.41,78,100,7.31,RU,1669062541
60,Jamestown,42.097,-79.2353,39.52,35,0,19.57,US,1669062341
61,Albany,42.6001,-73.9662,37.63,42,4,1.01,US,1669062484
62,Troitskoye,52.9821,84.6757,13.82,83,100,5.77,RU,1669062543
63,San Policarpo,12.1791,125.5072,80.4,84,75,10.25,PH,1669062544
64,Puerto Ayora,-0.7393,-90.3518,78.76,94,90,4.0,EC,1669062360
65,Laguna,38.421,-121.4238,66.63,40,0,3.44,US,1669062545
66,Marystown,47.1666,-55.1483,33.44,66,72,35.52,CA,1669062546
67,Mandalgovi,45.7625,106.2708,25.5,55,91,10.78,MN,1669062547
68,Padang,-0.9492,100.3543,75.85,86,97,3.36,ID,1669062548
69,Walvis Bay,-22.9575,14.5053,66.09,78,19,12.1,NA,1669062549
70,Mokhsogollokh,61.4681,128.9203,-23.26,99,100,2.42,RU,1669062550
71,Hobart,-42.8794,147.3294,48.25,74,40,17.27,AU,1669062409
72,Bambous Virieux,-20.3428,57.7575,73.22,88,20,4.61,MU,1669062551
73,Ancud,-41.8697,-73.8203,57.65,52,61,7.83,CL,1669062552
74,Ligayan,4.6533,119.4706,81.9,78,79,1.88,PH,1669062552
75,Chokurdakh,70.6333,147.9167,-24.27,99,100,1.39,RU,1669062553
76,Zharkent,44.1628,80.0,38.48,92,100,3.76,KZ,1669062554
77,Ploemeur,47.7333,-3.4333,48.85,83,75,11.5,FR,1669062555
78,East London,-33.0153,27.9116,69.98,79,25,2.28,ZA,1669062266
79,Papara,-3.9839,-38.7273,81.0,59,39,8.39,BR,1669062558
80,Vestmannaeyjar,63.4427,-20.2734,45.3,87,84,28.5,IS,1669062558
81,Shimoda,34.6667,138.95,61.3,80,43,4.21,JP,1669062559
82,Kahului,20.8947,-156.47,80.83,64,40,18.41,US,1669062560
83,Lorengau,-2.0226,147.2712,81.19,70,100,6.2,PG,1669062561
84,Saint-Philippe,-21.3585,55.7679,72.99,78,7,4.03,RE,1669062562
85,Terrace,54.5163,-128.6035,35.51,100,100,3.44,CA,1669062563
86,Cape Town,-33.9258,18.4232,65.26,65,0,14.97,ZA,1669062564
87,Paamiut,61.994,-49.6678,19.47,87,71,5.3,GL,1669062564
88,Khatanga,71.9667,102.5,-38.47,100,65,1.01,RU,1669062565
89,Port Alfred,-33.5906,26.891,69.19,91,27,4.0,ZA,1669062566
90,Batemans Bay,-35.7167,150.1833,56.1,47,0,9.93,AU,1669062567
91,Zyryanka,65.75,150.85,-20.76,96,100,6.33,RU,1669062568
92,Juneau,58.3019,-134.4197,44.6,92,100,27.63,US,1669062569
93,Hermanus,-34.4187,19.2345,64.8,73,85,2.66,ZA,1669062458
94,Umea,63.8284,20.2597,26.91,86,100,5.75,SE,1669062572
95,Tocopilla,-22.092,-70.1979,67.98,63,21,4.41,CL,1669062572
96,Paris,48.8534,2.3488,46.11,86,0,11.5,FR,1669062363
97,Riyadh,24.6877,46.7219,62.74,29,0,5.64,SA,1669062282
98,Henties Bay,-22.116,14.2845,62.42,80,6,9.19,NA,1669062574
99,Comodoro Rivadavia,-45.8667,-67.5,84.06,8,0,16.11,AR,1669062575
100,Ribeira Grande,38.5167,-28.7,68.4,88,40,17.27,PT,1669062575
101,Samarai,-10.6167,150.6667,80.87,79,99,5.5,PG,1669062576
102,Avarua,-21.2078,-159.775,78.85,57,18,13.8,CK,1669062577
103,Kruisfontein,-34.0033,24.7314,65.88,82,84,5.97,ZA,1669062569
104,Pevek,69.7008,170.3133,-7.96,97,100,11.79,RU,1669062578
105,Caravelas,-17.7125,-39.2481,72.46,91,100,7.02,BR,1669062579
106,Sladkovo,55.5284,70.3385,12.61,88,100,12.57,RU,1669062580
107,Ust-Kuyga,70.0167,135.6,-34.49,100,99,3.91,RU,1669062581
108,Tumbagaan,5.3656,120.3139,80.33,78,100,2.75,PH,1669062581
109,Mahibadhoo,3.7833,72.9667,80.92,77,89,13.96,MV,1669062582
110,Tuktoyaktuk,69.4541,-133.0374,15.8,92,100,2.3,CA,1669062583
111,Camacha,33.0833,-16.3333,63.82,77,40,8.05,PT,1669062583
112,Upernavik,72.7868,-56.1549,8.4,95,91,6.85,GL,1669062584
113,Quatre Cocos,-20.2078,57.7625,73.09,74,1,7.61,MU,1669062585
114,Taoudenni,22.6783,-3.9836,71.04,22,0,13.33,ML,1669062585
115,Boguchany,58.3814,97.4531,-9.98,96,87,4.59,RU,1669062586
116,Beyneu,45.3167,55.2,47.88,80,100,7.07,KZ,1669062587
117,Beya,53.0533,90.9139,17.01,83,100,2.17,RU,1669062587
118,Carnarvon,-24.8667,113.6333,73.62,57,39,8.93,AU,1669062588
119,Atuona,-9.8,-139.0333,77.67,67,12,17.58,PF,1669062484
120,Gazojak,41.1875,61.4036,49.53,61,90,0.74,TM,1669062589
121,Kloulklubed,7.0419,134.2556,77.5,78,87,10.13,PW,1669062489
122,Acapulco,16.8634,-99.8901,85.82,66,0,6.91,MX,1669062590
123,Alta Floresta,-9.8756,-56.0861,84.02,70,40,1.14,BR,1669062591
124,Neuquen,-38.9516,-68.0591,76.89,16,0,11.5,AR,1669062592
125,Sao Desiderio,-12.3633,-44.9733,75.67,78,100,4.7,BR,1669062345
126,Thompson,55.7435,-97.8558,15.96,86,75,10.36,CA,1669062593
127,Bilma,18.6853,12.9164,71.46,14,30,10.69,NE,1669062594
128,Matara,5.9485,80.5353,75.65,82,86,5.41,LK,1669062595
129,Nikolskoye,59.7035,30.7861,19.29,93,66,4.43,RU,1669062596
130,Valdivia,-39.8142,-73.2459,75.29,32,0,3.31,CL,1669062597
131,Rio Grande,-32.035,-52.0986,80.71,78,100,4.85,BR,1669062410
132,Mahebourg,-20.4081,57.7,73.26,88,20,4.61,MU,1669062598
133,Udimskiy,61.1417,45.9144,9.36,96,12,2.33,RU,1669062599
134,Tiarei,-17.5333,-149.3333,84.22,80,27,14.83,PF,1669062599
135,Naze,28.3667,129.4833,70.72,75,2,6.17,JP,1669062600
136,Namibe,-15.1961,12.1522,72.9,82,79,6.02,AO,1669062412
137,Horconcitos,8.4682,-81.8007,70.36,94,100,1.92,PA,1669062601
138,Ust-Maya,60.4167,134.5333,-26.5,100,99,0.87,RU,1669062603
139,Key West,24.5557,-81.7826,82.4,86,75,13.8,US,1669062575
140,Carutapera,-1.195,-46.02,79.7,75,55,7.14,BR,1669062604
141,Ahipara,-35.1667,173.1667,65.35,97,99,12.97,NZ,1669062605
142,Zeya,53.75,127.2667,-2.31,98,88,2.59,RU,1669062607
143,Oistins,13.0667,-59.5333,78.89,83,40,20.71,BB,1669062608
144,Humaita,-7.5061,-63.0208,90.3,51,99,0.49,BR,1669062609
145,Westport,41.1415,-73.3579,41.18,44,0,14.0,US,1669062511
146,Iqaluit,63.7506,-68.5145,17.33,86,75,6.91,CA,1669062611
147,Norman Wells,65.282,-126.8329,21.24,86,40,5.75,CA,1669062488
148,Alofi,-19.0595,-169.9187,80.49,74,75,10.36,NU,1669062613
149,Cabo San Lucas,22.8909,-109.9124,82.62,61,0,13.8,MX,1669062569
150,Bethel,41.3712,-73.414,40.35,38,0,14.97,US,1669062614
151,Yucca Valley,34.1142,-116.4322,66.7,14,31,5.01,US,1669062328
152,Revelstoke,50.9832,-118.2023,30.22,74,100,2.3,CA,1669062615
153,Fairbanks,64.8378,-147.7164,12.16,87,40,0.0,US,1669062592
154,La Ronge,55.1001,-105.2842,25.05,74,100,9.22,CA,1669062617
155,Poronaysk,49.2167,143.1167,26.62,70,100,8.41,RU,1669062619
156,Darnah,32.767,22.6367,66.11,66,3,18.61,LY,1669062620
157,Xining,36.6167,101.7667,30.18,83,94,2.13,CN,1669062620
158,Alice Springs,-23.7,133.8833,63.95,68,100,6.91,AU,1669062622
159,Zasheyek,67.4066,32.5499,22.6,91,100,0.31,RU,1669062622
160,Balikpapan,-1.2675,116.8289,74.39,88,40,4.61,ID,1669062623
161,Praia,14.9215,-23.5087,75.74,73,40,19.57,CV,1669062524
162,Gwadar,25.1216,62.3254,77.99,37,0,10.0,PK,1669062625
163,Luderitz,-26.6481,15.1594,61.86,83,4,10.65,NA,1669062626
164,Genhe,50.7833,121.5167,-18.72,100,14,0.92,CN,1669062627
165,Kjollefjord,70.9457,27.3465,35.42,93,75,4.61,NO,1669062628
166,Kaeo,-35.1,173.7833,67.32,97,100,12.66,NZ,1669062629
167,Brasileia,-11.0161,-68.7481,77.45,94,100,6.91,BR,1669062630
168,Lebu,-37.6167,-73.65,58.98,64,0,20.15,CL,1669062631
169,Tautira,-17.7333,-149.15,77.02,81,22,12.86,PF,1669062631
170,Sumbe,-11.2061,13.8437,77.05,87,99,7.09,AO,1669062632
171,Ketchikan,55.3422,-131.6461,46.87,87,100,23.02,US,1669062634
172,Santa Isabel Do Rio Negro,-0.4139,-65.0192,86.99,61,87,3.53,BR,1669062635
173,Tessalit,20.1986,1.0114,70.12,15,98,10.89,ML,1669062636
174,Fairhope,30.523,-87.9033,67.01,27,0,9.22,US,1669062636
175,Winslow,35.0242,-110.6974,46.58,27,0,0.0,US,1669062637
176,Castro,-24.7911,-50.0119,77.41,49,100,6.93,BR,1669062597
177,Almenara,-16.1836,-40.6944,71.53,97,100,3.38,BR,1669062638
178,Lodja,-3.4833,23.4333,68.54,99,100,3.22,CD,1669062639
179,Longyearbyen,78.2186,15.6401,37.24,81,75,11.5,SJ,1669062640
180,Mapiripan,2.8892,-72.1256,82.78,75,84,7.72,CO,1669062640
181,Souillac,-20.5167,57.5167,71.98,88,20,4.61,MU,1669062642
182,Hasaki,35.7333,140.8333,50.4,86,9,7.78,JP,1669062642
183,Srednekolymsk,67.45,153.6833,-33.9,99,96,6.17,RU,1669062643
184,Olinda,-8.0089,-34.8553,82.13,65,75,8.05,BR,1669062644
185,Qaqortoq,60.7167,-46.0333,14.99,90,21,6.2,GL,1669062644
186,Vaitape,-16.5167,-151.75,78.84,77,83,17.49,PF,1669062645
187,Merauke,-8.4667,140.3333,78.03,91,58,7.52,ID,1669062646
188,Kodiak,57.79,-152.4072,36.91,93,75,3.44,US,1669062646
189,Okara,30.8081,73.4458,60.51,34,0,4.0,PK,1669062647
190,Hofn,64.2539,-15.2082,44.65,84,96,10.85,IS,1669062648
191,Troutdale,45.5393,-122.3873,50.41,48,100,5.75,US,1669062649
192,Alakurtti,66.9672,30.3491,7.12,98,65,0.63,RU,1669062650
193,Pergamino,-33.89,-60.5736,76.1,25,1,13.85,AR,1669062651
194,Warri,5.5167,5.75,76.73,88,65,4.92,NG,1669062651
195,Makarov,48.6333,142.8,28.09,72,70,8.32,RU,1669062652
196,Port Elizabeth,-33.918,25.5701,68.09,84,100,16.11,ZA,1669062653
197,Los Llanos De Aridane,28.6585,-17.9182,67.75,78,75,11.5,ES,1669062359
198,Fortuna,40.5982,-124.1573,59.92,61,0,0.0,US,1669062559
199,Iwanai,42.9744,140.5089,40.37,69,98,13.31,JP,1669062655
200,Havelock,34.8791,-76.9013,58.98,68,0,12.66,US,1669062655
201,Pangnirtung,66.1451,-65.7125,5.0,39,40,0.0,CA,1669062656
202,Makakilo City,21.3469,-158.0858,80.92,56,40,21.85,US,1669062657
203,Neiafu,-18.65,-173.9833,81.28,69,20,5.75,TO,1669062658
204,Paso De Los Toros,-32.8167,-56.5167,63.16,91,100,12.84,UY,1669062658
205,Kautokeino,69.0125,23.0412,3.76,71,0,1.32,NO,1669062659
206,Sinnamary,5.3833,-52.95,81.34,80,21,13.6,GF,1669062660
207,Sao Joao Da Barra,-21.6403,-41.0511,77.09,85,6,14.29,BR,1669062661
208,Zastron,-30.3023,27.084,64.76,21,100,5.26,ZA,1669062661
209,Bilibino,68.0546,166.4372,-30.28,99,92,3.65,RU,1669062662
210,Ponta Do Sol,32.6667,-17.1,66.83,76,28,1.72,PT,1669062663
211,Hokitika,-42.7167,170.9667,57.11,81,100,13.47,NZ,1669062664
212,Flin Flon,54.7682,-101.865,21.04,73,100,12.66,CA,1669062664
213,Vallenar,-28.5708,-70.7581,79.09,39,0,9.1,CL,1669062665
214,Kavieng,-2.5744,150.7967,82.96,75,40,10.69,PG,1669062666
215,Winnemucca,40.973,-117.7357,43.66,27,32,1.23,US,1669062667
216,Dawei,14.0833,98.2,74.28,92,16,3.06,MM,1669062668
217,Aykhal,66.0,111.5,-19.34,100,98,4.97,RU,1669062669
218,Pandan,14.0453,124.1694,79.39,88,92,10.78,PH,1669062670
219,Xai-Xai,-25.0519,33.6442,66.78,65,0,8.48,MZ,1669062671
220,Banyuwangi,-8.2325,114.3576,75.97,92,98,2.08,ID,1669062661
221,Lompoc,34.6391,-120.4579,76.01,28,0,6.91,US,1669062672
222,Caceres,39.522,-6.3748,49.12,80,100,13.4,ES,1669062673
223,Atikokan,48.7555,-91.6216,23.85,77,100,5.88,CA,1669062674
224,Mersing,2.4312,103.8405,75.94,88,87,4.56,MY,1669062675
225,Swift Current,50.2834,-107.8014,32.81,74,40,16.11,CA,1669062667
226,Villa Bruzual,9.3328,-69.1208,85.35,62,43,4.03,VE,1669062676
227,Tasiilaq,65.6145,-37.6368,37.56,89,100,13.02,GL,1669062677
228,Sur,22.5667,59.5289,75.16,68,7,0.92,OM,1669062678
229,Jos,9.9167,8.9,67.3,32,37,4.45,NG,1669062679
230,Zary,51.6421,15.1373,28.35,91,55,3.0,PL,1669062680
231,Khasan,42.4308,130.6434,33.1,64,0,10.8,RU,1669062681
232,Saint-Francois,46.4154,3.9054,47.64,81,75,8.05,FR,1669062682
233,Kazanskoye,55.6448,69.235,13.53,89,100,11.74,RU,1669062683
234,Bushehr,28.9684,50.8385,69.89,73,0,4.61,IR,1669062684
235,Pilar,-9.5972,-35.9567,78.73,69,76,9.53,BR,1669062543
236,Pervomayskoye,43.919,46.7102,52.45,97,100,8.37,RU,1669062686
237,Shahr-E Babak,30.1165,55.1186,46.0,35,0,3.83,IR,1669062686
238,Auki,-8.7676,160.7034,81.88,72,16,4.09,SB,1669062687
239,Perpignan,42.75,2.75,51.73,61,100,16.11,FR,1669062688
240,Tamasane,-22.4184,27.4013,71.01,52,68,8.1,BW,1669062689
241,Blagoveshchenka,52.8333,79.8667,14.77,94,75,6.42,RU,1669062690
242,Ilebo,-4.3167,20.5833,68.29,99,99,0.47,CD,1669062691
243,Mogilno,52.6581,17.9558,29.19,93,94,5.5,PL,1669062691
244,New Norfolk,-42.7826,147.0587,47.91,74,83,5.99,AU,1669062692
245,Svetlyy,54.675,20.1347,30.25,95,97,8.99,RU,1669062693
246,Leningradskiy,69.3833,178.4167,-11.65,87,100,12.57,RU,1669062694
247,Sarankhola,22.3082,89.7897,65.01,63,6,5.3,BD,1669062694
248,Kyshtovka,56.555,76.6271,7.38,90,100,11.01,RU,1669062695
249,Raga,8.4596,25.678,77.4,29,39,3.67,SS,1669062696
250,Port Lincoln,-34.7333,135.8667,55.63,66,33,10.92,AU,1669062697
251,Labuhan,-6.8844,112.2051,78.67,85,96,7.61,ID,1669062697
252,Ullapool,57.8987,-5.1604,36.75,94,22,5.64,GB,1669062698
253,Kuminskiy,58.6667,66.5667,19.58,93,97,9.57,RU,1669062699
254,Kathu,7.9178,98.3332,84.74,87,98,14.18,TH,1669062700
255,Husavik,66.0449,-17.3389,40.14,77,93,12.57,IS,1669062700
256,Zhigansk,66.7697,123.3711,-31.9,100,93,2.01,RU,1669062701
257,Saint-Georges,12.0564,-61.7485,78.48,89,40,6.91,GD,1669062604
258,Boyolangu,-8.1181,111.8935,75.22,89,100,2.53,ID,1669062703
259,Mirandopolis,-21.1336,-51.1017,88.74,31,93,4.27,BR,1669062704
260,San Cristobal,7.7669,-72.225,69.98,88,95,2.1,VE,1669062705
261,Elk City,35.412,-99.4043,57.42,33,0,12.66,US,1669062705
262,Hihya,30.6713,31.588,64.31,79,100,5.91,EG,1669062706
263,Nyurba,63.2842,118.3319,-15.74,99,100,2.01,RU,1669062707
264,Danville,36.586,-79.395,52.45,24,0,4.61,US,1669062707
265,Gravelbourg,49.8834,-106.5512,32.27,91,100,4.41,CA,1669062708
266,Mayo,38.8876,-76.5119,49.51,56,0,16.11,US,1669062709
267,Mecca,21.4267,39.8261,80.55,62,6,3.94,SA,1669062463
268,Aldan,58.6031,125.3894,-15.81,96,98,4.21,RU,1669062710
269,Rio Gallegos,-51.6226,-69.2181,71.65,26,0,20.71,AR,1669062711
270,Haines Junction,60.7522,-137.5108,28.35,100,100,0.0,CA,1669062712
271,Faya,18.3851,42.4509,57.72,56,25,4.23,SA,1669062503
272,Valkeala,60.9401,26.7979,24.31,86,0,9.22,FI,1669062713
273,Ostrovnoy,68.0531,39.5131,30.76,89,99,7.29,RU,1669062714
274,Atherton,53.5237,-2.4935,45.28,96,100,3.78,GB,1669062714
275,Dalbandin,28.8947,64.4101,56.25,26,0,3.31,PK,1669062715
276,Severo-Kurilsk,50.6789,156.125,41.34,84,100,19.69,RU,1669062711
277,Sorland,67.667,12.6934,39.06,67,5,8.23,NO,1669062716
278,Okha,53.5739,142.9478,21.09,88,62,10.69,RU,1669062717
279,Port Hedland,-20.3167,118.5667,73.45,64,100,13.8,AU,1669062718
280,Cherskiy,68.75,161.3,-34.49,100,86,3.44,RU,1669062617
281,Wiarton,44.7407,-81.1332,37.85,70,100,18.41,CA,1669062719
282,Minab,27.1467,57.0801,82.72,17,21,9.22,IR,1669062720
283,Broken Hill,-31.95,141.4333,51.04,54,88,7.11,AU,1669062721
284,Leua,48.2156,18.6071,41.5,91,22,2.44,SK,1669062722
285,Kailua,21.4022,-157.7394,82.38,62,3,8.99,US,1669062723
286,Narsaq,60.9167,-46.05,21.42,87,17,5.68,GL,1669062724
287,Harper,4.375,-7.7169,78.17,84,51,6.82,LR,1669062725
288,Grand-Santi,4.25,-54.3833,85.68,51,43,1.5,GF,1669062726
289,Ryotsu,38.0833,138.4333,55.54,79,57,10.6,JP,1669062727
290,Olafsvik,64.8945,-23.7142,42.48,77,97,18.99,IS,1669062728
291,Tashigang,27.3331,91.5542,51.22,58,14,4.94,BT,1669062729
292,Bethanien,-26.502,17.1583,68.56,66,99,17.94,NA,1669062730
293,Klaksvik,62.2266,-6.589,41.92,70,92,26.24,FO,1669062731
294,Mount Gambier,-37.8333,140.7667,53.01,79,100,12.86,AU,1669062713
295,Aklavik,68.2191,-135.0107,3.69,99,90,3.24,CA,1669062659
296,Krasnoselkup,65.7,82.4667,-19.03,94,16,10.83,RU,1669062734
297,Chapais,49.7834,-74.8492,19.18,94,100,10.98,CA,1669062734
298,Victoria,22.2855,114.1577,75.38,88,100,11.99,HK,1669062577
299,Estelle,29.8458,-90.1067,61.0,40,75,11.01,US,1669062736
300,Poum,-20.2333,164.0167,80.73,81,13,13.82,NC,1669062737
301,Erzin,36.9559,36.2,62.02,59,100,7.11,TR,1669062738
302,Nanga Eboko,4.6833,12.3667,70.02,79,52,1.81,CM,1669062739
303,Basoko,1.2391,23.616,70.47,96,93,6.04,CD,1669062740
304,Maragogi,-9.0122,-35.2225,77.13,75,70,8.12,BR,1669062740
305,Yakeshi,49.2833,120.7333,-9.04,99,36,3.87,CN,1669062741
306,Eyl,7.9803,49.8164,76.89,67,86,17.38,SO,1669062742
307,Egvekinot,66.3167,-179.1667,-15.03,85,100,11.74,RU,1669062743
308,Abu Samrah,35.3029,37.1841,60.67,48,94,6.33,SY,1669062744
309,Kamaishi,39.2667,141.8833,52.11,81,5,6.93,JP,1669062744
310,Shingu,33.7333,135.9833,54.16,81,15,5.57,JP,1669062746
311,Nanakuli,21.3906,-158.1547,82.35,57,40,9.22,US,1669062747
312,Luau,-10.7073,22.2247,63.37,98,100,2.89,AO,1669062748
313,Dunedin,-45.8742,170.5036,55.8,82,73,8.19,NZ,1669062587
314,Markova,48.6758,24.4138,31.95,97,100,3.02,UA,1669062749
315,Meulaboh,4.1363,96.1285,75.63,90,99,3.78,ID,1669062750
316,Hay River,60.8156,-115.7999,30.18,74,20,9.22,CA,1669062751
317,Puerto Quijarro,-17.7833,-57.7667,74.7,89,100,0.51,BO,1669062752
318,Cabrero,-37.0333,-72.4,84.15,15,0,13.2,CL,1669062753
319,Novhorodka,48.3651,32.6578,52.92,93,89,14.81,UA,1669062753
320,Mariental,-24.6333,17.9667,66.27,61,63,18.1,NA,1669062754
321,Eureka,40.8021,-124.1637,60.19,74,44,1.01,US,1669062642
322,Chuy,-33.6971,-53.4616,66.88,96,100,8.21,UY,1669062755
323,Nemuro,43.3236,145.575,51.33,86,38,17.16,JP,1669062660
324,Freeport,40.6576,-73.5832,43.29,38,0,12.66,US,1669062756
325,Torbay,47.6666,-52.7314,35.58,78,100,32.21,CA,1669062642
326,Druzhba,52.0428,33.9453,35.67,100,100,14.99,UA,1669062758
327,Constitucion,-35.3333,-72.4167,67.78,51,1,17.83,CL,1669062758
328,Zhicheng,30.2956,111.5047,54.59,90,64,2.53,CN,1669062759
329,Portland,45.5234,-122.6762,51.01,48,100,5.75,US,1669062669
330,Praia Da Vitoria,38.7333,-27.0667,68.25,83,40,17.43,PT,1669062760
331,Lasa,46.6166,10.7002,41.88,83,72,3.62,IT,1669062702
332,Mbandaka,0.0487,18.2603,70.7,97,100,3.53,CD,1669062762
333,Hobyo,5.3505,48.5268,80.44,72,5,15.93,SO,1669062657
334,Pacific Grove,36.6177,-121.9166,68.34,40,0,5.01,US,1669062763
335,Saint George,37.1041,-113.5841,54.43,25,0,3.0,US,1669062735
336,Kirando,-7.4167,30.6,74.32,77,77,7.58,TZ,1669062764
337,Williams Lake,52.1415,-122.1445,33.06,76,75,14.97,CA,1669062644
338,Touros,-5.1989,-35.4608,78.73,71,20,14.18,BR,1669062765
339,Gharo,24.7424,67.5856,71.82,66,11,8.95,PK,1669062766
340,Lagoa,39.05,-27.9833,64.45,91,98,29.73,PT,1669062767
341,Dalsingh Sarai,25.6667,85.8333,62.22,51,18,5.79,IN,1669062768
342,Ixtapa,20.7,-105.2,76.23,73,100,10.36,MX,1669062768
343,Aripuana,-9.1667,-60.6333,84.29,64,92,0.76,BR,1669062769
344,Birobidzhan,48.8,132.95,6.37,91,6,5.39,RU,1669062770
345,Moose Jaw,50.4001,-105.5344,30.47,80,100,4.61,CA,1669062546
346,Piacabucu,-10.4056,-36.4344,77.85,78,100,8.72,BR,1669062771
347,Moranbah,-22.0016,148.0466,79.57,20,30,19.04,AU,1669062772
348,Wanning,18.8003,110.3967,76.06,95,100,5.84,CN,1669062772
349,Wewak,-3.5534,143.6268,79.95,80,52,1.7,PG,1669062773
350,Barcelos,41.5388,-8.6151,55.54,69,100,7.0,PT,1669062774
351,Codrington,-38.2667,141.9667,52.34,86,100,19.06,AU,1669062774
352,Arlit,18.7369,7.3853,75.76,12,100,7.45,NE,1669062775
353,Havre-Saint-Pierre,50.2334,-63.5986,30.2,63,0,12.66,CA,1669062776
354,Bandarbeyla,9.4942,50.8122,77.88,70,75,17.69,SO,1669062732
355,Khorramabad,33.4878,48.3558,46.02,71,0,2.3,IR,1669062777
356,Kenai,60.5544,-151.2583,36.14,94,100,10.36,US,1669062778
357,Severodvinsk,64.5635,39.8302,23.11,91,25,4.97,RU,1669062778
358,Lavrentiya,65.5833,-171.0,11.82,74,100,18.86,RU,1669062779
359,Pisco,-13.7,-76.2167,69.85,78,0,8.05,PE,1669062780
360,Baykit,61.67,96.37,-30.14,100,46,1.41,RU,1669062741
361,Tiznit,29.5833,-9.5,63.25,49,36,0.98,MA,1669062647
362,Rawson,-43.3002,-65.1023,63.32,35,0,25.32,AR,1669062781
363,Yarmolyntsi,49.1924,26.8373,26.15,98,93,7.38,UA,1669062782
364,Esperance,-33.8667,121.9,52.11,80,0,10.65,AU,1669062783
365,La Plata,-34.9215,-57.9545,66.04,75,100,11.7,AR,1669062728
366,Beringovskiy,63.05,179.3167,-6.34,91,38,18.97,RU,1669062784
367,San Juan,-31.5375,-68.5364,77.61,21,0,5.91,AR,1669062734
368,Muros,42.7762,-9.0603,51.84,82,62,17.69,ES,1669062577
369,Salalah,17.0151,54.0924,77.09,73,0,4.61,OM,1669062786
370,Afrikanda,67.4429,32.7828,25.07,87,100,0.51,RU,1669062787
371,Tongliao,43.6125,122.2653,19.35,78,6,4.5,CN,1669062642
372,Baghdad,33.3406,44.4009,58.91,63,0,2.3,IQ,1669062789
373,Ilulissat,69.2167,-51.1,15.82,86,40,0.0,GL,1669062789
374,Casper,42.8666,-106.3131,45.19,26,0,21.85,US,1669062790
375,Puerto Escondido,15.85,-97.0667,86.83,54,40,3.44,MX,1669062770
376,Asau,46.4333,26.4,33.28,99,100,3.2,RO,1669062793
377,Shubarkuduk,49.1447,56.4872,34.21,100,100,2.42,KZ,1669062793
378,Omsukchan,62.5333,155.8,-1.52,98,100,5.17,RU,1669062794
379,Sola,-13.8833,167.55,82.26,74,15,10.31,VU,1669062795
380,Maltahohe,-24.8333,16.9833,64.42,67,90,5.91,NA,1669062796
381,Mackay,-21.15,149.2,77.68,80,100,7.58,AU,1669062642
382,Shirokovskiy,58.8424,57.7832,14.95,97,99,1.97,RU,1669062797
383,Piedras,4.5383,-74.8818,84.9,57,56,6.08,CO,1669062798
384,Hasilpur,29.7122,72.5553,64.0,29,0,3.85,PK,1669062800
385,Doha,25.2867,51.5333,73.38,58,0,6.91,QA,1669062801
386,Half Moon Bay,37.4636,-122.4286,66.22,40,0,6.91,US,1669062642
387,Lagunas,-5.2269,-75.6753,93.56,42,81,3.18,PE,1669062802
388,Dalvik,65.9702,-18.5286,40.93,85,76,10.78,IS,1669062803
389,Te Horo,-40.8084,175.1233,64.8,79,52,5.99,NZ,1669062804
390,Janesville,42.6828,-89.0187,42.66,45,20,11.5,US,1669062804
391,Puerto Plata,19.7934,-70.6884,84.04,79,40,17.27,DO,1669062805
392,Monkey Bay,-14.0728,34.9201,81.41,66,11,15.66,MW,1669062807
393,Katsuura,35.1333,140.3,53.62,89,16,9.13,JP,1669062808
394,Tobol,52.6844,62.5794,6.26,97,88,4.76,KZ,1669062809
395,Sitka,57.0531,-135.33,46.29,76,100,8.05,US,1669062810
396,Resistencia,-27.4606,-58.9839,71.58,83,100,16.11,AR,1669062811
397,Kudahuvadhoo,2.6708,72.8944,80.92,77,92,14.81,MV,1669062812
398,Khuchni,41.9499,47.9485,57.0,33,100,3.29,RU,1669062812
399,Elko,41.0002,-115.5012,28.63,54,21,1.01,US,1669062813
400,Ambovombe,-25.1667,46.0833,65.77,63,32,5.01,MG,1669062814
401,Geraldton,-28.7667,114.6,72.01,24,70,12.66,AU,1669062685
402,San Francisco,37.7749,-122.4194,64.76,43,75,8.01,US,1669062601
403,Lujan,-34.5703,-59.105,65.91,82,98,15.82,AR,1669062815
404,Sandy Bay,-42.913,147.3532,48.29,74,40,17.27,AU,1669062816
405,Cayenne,4.9333,-52.3333,84.24,74,0,8.05,GF,1669062616
406,Svetlogorsk,52.6333,29.7333,27.5,97,100,10.2,BY,1669062817
407,Wagar,16.1525,36.2032,79.14,53,67,13.98,SD,1669062818
408,Tual,-5.6667,132.75,84.51,71,100,7.4,ID,1669062818
409,Sandwick,60.0,-1.25,40.82,81,40,2.3,GB,1669062819
410,Pimentel,-6.8367,-79.9342,73.69,60,0,17.27,PE,1669062820
411,Zhanaozen,43.3,52.8,51.51,80,100,10.22,KZ,1669062821
412,Namatanai,-3.6667,152.4333,81.72,75,18,6.98,PG,1669062822
413,Magistralnyy,56.1725,107.4458,7.99,82,100,5.86,RU,1669062822
414,Ipixuna,-1.7625,-48.8043,82.24,70,95,6.17,BR,1669062823
415,La Sarre,48.8002,-79.1996,25.86,82,100,16.4,CA,1669062642
416,Calabozo,8.9242,-67.4293,86.79,52,43,6.04,VE,1669062824
417,Klimovo,52.3805,32.1923,32.61,97,100,11.5,RU,1669062825
418,Bulawayo,-20.15,28.5833,67.35,67,4,7.58,ZW,1669062826
419,Sioux Lookout,50.1001,-91.917,23.07,68,75,10.36,CA,1669062826
420,Hirara,24.8,125.2833,76.71,67,91,7.58,JP,1669062827
421,Davila,18.4726,120.5763,80.4,77,74,1.68,PH,1669062828
422,Dong Xoai,11.5333,106.9167,72.99,98,100,1.59,VN,1669062829
423,Nanortalik,60.1432,-45.2371,24.62,82,44,9.91,GL,1669062829
424,Dhidhdhoo,6.8833,73.1,81.52,60,43,10.13,MV,1669062830
425,Bathsheba,13.2167,-59.5167,79.41,83,40,20.71,BB,1669062831
426,Yuzhnouralsk,54.4418,61.2536,8.24,83,6,6.35,RU,1669062831
427,Sakakah,29.9697,40.2064,60.37,45,44,7.52,SA,1669062832
428,Shahreza,32.0339,51.8794,45.07,49,0,2.35,IR,1669062833
429,Las Palmas,28.4204,-14.0131,66.99,78,20,19.57,ES,1669062833
430,Wentzville,38.8114,-90.8529,58.59,31,3,5.99,US,1669062834
431,Clyde River,70.4692,-68.5914,-5.57,65,20,17.27,CA,1669062835
432,Tonantins,-2.8731,-67.8022,77.88,95,100,1.3,BR,1669062836
433,Hovd,48.0056,91.6419,21.45,49,89,6.89,MN,1669062836
434,Coquimbo,-29.9533,-71.3436,62.33,72,40,10.36,CL,1669062790
435,Ust-Nera,64.5667,143.2,-8.82,100,100,3.15,RU,1669062742
436,Vao,-22.6667,167.4833,76.64,82,38,10.87,NC,1669062838
437,Carballo,43.213,-8.691,53.29,88,45,7.0,ES,1669062839
438,Phek,25.6667,94.5,44.96,98,99,1.45,IN,1669062840
439,Marawi,7.9986,124.2928,67.8,91,99,2.17,PH,1669062840
440,Segezha,63.7415,34.3222,18.21,92,45,4.36,RU,1669062841
441,Tromso,69.6496,18.957,29.37,93,0,2.3,NO,1669062842
442,Saskatoon,52.1168,-106.6345,28.38,92,100,12.66,CA,1669062731
443,Necochea,-38.5473,-58.7368,56.44,81,99,15.05,AR,1669062844
444,Japura,-0.3167,102.35,73.94,96,100,1.72,ID,1669062844
445,Saint Anthony,45.0205,-93.218,34.09,58,0,9.22,US,1669062845
446,Matamoros,25.5333,-103.25,60.91,52,40,0.0,MX,1669062846
447,Sao Filipe,14.8961,-24.4956,76.84,64,93,10.02,CV,1669062847
448,Hamilton,39.1834,-84.5333,49.98,25,0,14.97,US,1669062848
449,Zhireken,52.8249,117.3076,-1.32,95,98,1.72,RU,1669062849
450,Groningen,53.25,6.75,39.02,94,100,9.22,NL,1669062725
451,Artyom,40.4723,50.333,57.34,87,99,15.93,AZ,1669062850
452,Flinders,-34.5833,150.8552,56.05,55,2,14.0,AU,1669062851
453,Sydney,-33.8679,151.2073,56.64,50,20,20.71,AU,1669062600
454,Talnakh,69.4865,88.3972,-22.56,94,99,2.35,RU,1669062713
455,Matucana,-11.85,-76.4,65.16,56,43,8.93,PE,1669062853
456,Kichera,55.9375,110.0997,4.84,87,100,2.98,RU,1669062854
457,Hualmay,-11.0964,-77.6139,68.88,75,21,8.59,PE,1669062854
458,Rognan,67.0953,15.3878,32.14,55,0,7.65,NO,1669062855
459,Ismailia,30.6043,32.2723,67.46,64,100,6.73,EG,1669062856
460,Kiama,-34.6833,150.8667,56.25,54,2,10.0,AU,1669062857
461,Deputatskiy,69.3,139.9,-28.26,100,53,1.79,RU,1669062858
462,Deniliquin,-35.5333,144.9667,49.87,69,8,14.56,AU,1669062859
463,Bose,45.4612,8.0137,45.28,78,100,5.46,IT,1669062860
464,Mae Ramat,16.984,98.5166,74.8,98,45,0.96,TH,1669062861
465,Trelew,-43.249,-65.3051,66.49,30,0,26.08,AR,1669062862
466,Pampierstad,-27.7832,24.6877,76.77,31,100,8.21,ZA,1669062863
467,Puerto Leguizamo,-0.1934,-74.7819,86.67,62,88,3.91,CO,1669062863
468,Grand Gaube,-20.0064,57.6608,74.37,74,4,8.99,MU,1669062864
469,Talara,-4.5772,-81.2719,75.96,60,0,12.66,PE,1669062865
470,Panaba,21.2833,-88.2667,80.4,78,100,7.07,MX,1669062866
471,Acari,-15.4311,-74.6158,76.44,55,80,8.88,PE,1669062868
472,Minjur,13.2667,80.2667,75.22,90,100,15.39,IN,1669062868
473,Buchanan,5.8808,-10.0467,78.17,85,67,6.08,LR,1669062869
474,Solnechnyy,50.7214,136.6319,12.7,89,88,1.9,RU,1669062870
475,Ponta Delgada,37.7333,-25.6667,67.5,88,75,16.11,PT,1669062871
476,Seoul,37.5683,126.9778,47.64,97,20,4.61,KR,1669062612
477,Yerofey Pavlovich,53.9667,121.9667,-8.41,98,12,2.62,RU,1669062872
478,Aitape,-3.1374,142.3475,77.94,86,100,2.64,PG,1669062873
479,Redmond,47.674,-122.1215,51.1,63,61,1.99,US,1669062874
480,Nsanje,-16.92,35.262,74.73,77,1,6.11,MW,1669062874
481,Anadyr,64.75,177.4833,-14.3,70,20,13.42,RU,1669062875
482,Maningrida,-12.0667,134.2667,80.58,80,71,5.23,AU,1669062876
483,Andenes,69.3143,16.1194,28.38,80,0,6.91,NO,1669062876
484,Natal,-5.795,-35.2094,81.25,69,40,17.27,BR,1669062714
485,Dongsheng,39.8161,109.9776,30.94,48,92,7.58,CN,1669062877
486,Serenje,-13.2325,30.2352,70.93,54,11,10.69,ZM,1669062878
487,Debre Tabor,11.85,38.0167,52.0,74,49,0.96,ET,1669062879
488,Guilin,25.2819,110.2864,68.11,86,97,0.27,CN,1669062880
489,Itaituba,-4.2761,-55.9836,95.16,46,20,6.91,BR,1669062880
490,Kangaatsiaq,68.3065,-53.4641,13.86,93,99,6.46,GL,1669062881
491,Cidreira,-30.1811,-50.2056,71.8,88,100,7.54,BR,1669062786
492,Yulara,-25.2406,130.9889,69.26,26,100,15.26,AU,1669062882
493,San Rafael,-34.6177,-68.3301,73.2,26,1,7.58,AR,1669062883
494,Guarapari,-20.6667,-40.4975,70.9,92,74,9.57,BR,1669062883
495,Bowen,-20.0167,148.2333,78.6,72,100,6.42,AU,1669062884
496,Sao Raimundo Das Mangabeiras,-7.0219,-45.4811,81.66,59,99,3.83,BR,1669062885
497,Miyako,39.6367,141.9525,50.13,82,9,5.97,JP,1669062885
498,Mapiri,-15.25,-68.1667,77.88,82,100,1.52,BO,1669062886
499,Sorong,-0.8833,131.25,81.12,80,100,9.04,ID,1669062887
500,Uribia,11.7139,-72.266,86.32,56,24,15.75,CO,1669062888
501,Cotonou,6.3654,2.4183,82.38,83,20,9.22,BJ,1669062888
502,Linjiang,41.8069,126.9078,25.84,94,19,1.57,CN,1669062889
503,Payo,-3.7508,103.6372,72.34,89,99,1.81,ID,1669062890
504,Springbok,-29.6643,17.8865,60.1,46,100,2.01,ZA,1669062891
505,Ornskoldsvik,63.2909,18.7153,27.55,100,75,6.91,SE,1669062891
506,Guiyang,26.5833,106.7167,55.89,94,100,6.71,CN,1669062892
507,Kutum,14.2,24.6667,66.63,19,0,8.37,SD,1669062893
508,Chatellerault,46.8,0.5333,45.55,36,67,10.94,FR,1669062893
509,Letlhakane,-21.4167,25.5833,78.93,42,99,13.78,BW,1669062894
510,Dabou,5.3256,-4.3769,79.54,82,81,8.97,CI,1669062895
511,Da Nang,16.0678,108.2208,73.38,100,75,0.0,VN,1669062614
512,Wlodawa,51.55,23.55,29.95,97,100,3.42,PL,1669062896
513,Beibei,29.8256,106.4339,62.37,93,34,2.42,CN,1669062897
514,Nouadhibou,20.931,-17.0347,76.98,47,0,11.5,MR,1669062897
515,Ukiah,39.1502,-123.2078,68.38,31,0,3.44,US,1669062706
516,The Valley,18.217,-63.0578,82.26,83,75,18.41,AI,1669062899
517,Santa Barbara,34.7333,-120.0343,69.22,22,0,0.0,US,1669062900
518,Novaya Ladoga,60.1025,32.3019,22.44,88,93,6.53,RU,1669062900
519,Khetri,27.9833,75.8,60.28,35,0,4.23,IN,1669062901
520,Kijang,35.2442,129.2139,53.33,57,95,8.14,KR,1669062902
521,Concordia,-31.393,-58.0209,64.47,94,100,11.99,AR,1669062903
522,Palmdale,34.5794,-118.1165,68.05,16,81,5.01,US,1669062903
523,Goderich,43.7501,-81.7165,39.9,60,91,21.85,CA,1669062786
524,Carrboro,35.9101,-79.0753,55.78,26,1,4.14,US,1669062905
525,Jiayuguan,39.8167,98.3,34.09,46,94,5.91,CN,1669062905
526,Vanimo,-2.6741,141.3028,78.87,85,100,1.41,PG,1669062906
527,Hurghada,27.2574,33.8129,72.72,56,6,4.45,EG,1669062907
528,Belyye Berega,53.2085,34.6641,30.38,93,100,13.71,RU,1669062908
529,Brae,60.3964,-1.353,41.04,76,100,9.08,GB,1669062909
530,Francistown,-21.17,27.5079,73.17,55,33,8.3,BW,1669062910
531,Urengoy,65.9667,78.3667,-16.24,94,34,12.15,RU,1669062910
532,Paita,-5.0892,-81.1144,68.88,72,8,14.7,PE,1669062911
533,Awbari,26.5921,12.7805,54.66,32,0,5.3,LY,1669062912
534,Palana,59.1167,159.9667,27.1,94,100,12.59,RU,1669062793
535,Shagonar,51.5333,92.8,8.1,96,97,2.13,RU,1669062913
536,Sterlitamak,53.6246,55.9502,8.08,97,100,1.59,RU,1669062914
537,San Miguel,13.4833,-88.1833,91.06,60,40,10.36,SV,1669062713
538,Coihaique,-45.5752,-72.0662,63.21,51,75,13.8,CL,1669062794
539,Tilichiki,60.4667,166.1,3.88,98,100,9.73,RU,1669062916
540,Altay,47.8667,88.1167,24.66,89,100,4.09,CN,1669062916
541,Plettenberg Bay,-34.0527,23.3716,62.71,81,100,3.38,ZA,1669062918
542,Kindu,-2.95,25.95,68.65,99,100,2.17,CD,1669062918
543,Bonavista,48.6499,-53.1147,32.49,77,100,42.68,CA,1669062796
544,Hope,33.6671,-93.5916,55.45,42,70,2.98,US,1669062877
545,Palu,-0.8917,119.8707,76.23,93,100,3.29,ID,1669062920
546,Kulu,39.0951,33.0799,56.16,44,99,13.76,TR,1669062921
547,Troitsko-Pechorsk,62.7084,56.1964,-4.16,100,46,4.12,RU,1669062922
548,Vila Franca Do Campo,37.7167,-25.4333,67.19,92,100,13.04,PT,1669062922
